phone_number,first_name,last_name,middle_initial,title,address1,address2,address3,state,city,province,postal_code,email,country_code,customfields,note,call_status,status,gender,age,company_name,category,siret,siren
1000000047,Eddi,Barff,,,Suite 80,,,,Mae Sai,,,ebarff1b@harvard.edu,TH,"[{""id"":0,""type"":""text"",""label"":""birthday"",""value"":""birthday"",""default"":44097},{""id"":1,""type"":""select"",""label"":""ip_address"",""value"":""ip_address"",""default"":""213.64.155.8"",""options"":[{""id"":""0.0.0.0"",""text"":""0.0.0.0""},{""id"":""213.64.155.8"",""text"":""213.64.155.8""}]},{""id"":2,""type"":""text"",""label"":""siren"",""value"":""siren"",""default"":68694699748916}]",,AD,N,Female,55,,,,
1000000040,Tammie,Lavers,,,Suite 7,,,,Pasanggrahan,,,tlavers14@google.de,ID,"[{""id"":0,""type"":""text"",""label"":""birthday"",""value"":""birthday"",""default"":44484},{""id"":1,""type"":""select"",""label"":""ip_address"",""value"":""ip_address"",""default"":""132.210.33.250"",""options"":[{""id"":""0.0.0.0"",""text"":""0.0.0.0""},{""id"":""132.210.33.250"",""text"":""132.210.33.250""}]},{""id"":2,""type"":""text"",""label"":""siren"",""value"":""siren"",""default"":99371126058585}]",,AD,N,Female,37,,,,
1000000054,Gabriel,Beames,,,6th Floor,,,,Sangatta,,,gbeames1i@ezinearticles.com,ID,"[{""id"":0,""type"":""text"",""label"":""birthday"",""value"":""birthday"",""default"":44179},{""id"":1,""type"":""select"",""label"":""ip_address"",""value"":""ip_address"",""default"":""218.186.6.246"",""options"":[{""id"":""0.0.0.0"",""text"":""0.0.0.0""},{""id"":""218.186.6.246"",""text"":""218.186.6.246""}]},{""id"":2,""type"":""text"",""label"":""siren"",""value"":""siren"",""default"":53978574288943}]",,AD,N,Female,20,,,,
1000000004,Ced,McVicar,,,Suite 72,,,,Ar Ramāḑīn,,,cmcvicar4@jugem.jp,PS,"[{""id"":0,""type"":""text"",""label"":""birthday"",""value"":""birthday"",""default"":43161},{""id"":1,""type"":""select"",""label"":""ip_address"",""value"":""ip_address"",""default"":""146.255.203.250"",""options"":[{""id"":""0.0.0.0"",""text"":""0.0.0.0""},{""id"":""146.255.203.250"",""text"":""146.255.203.250""}]},{""id"":2,""type"":""text"",""label"":""siren"",""value"":""siren"",""default"":59460422811253}]",,reminder,N,Male,50,,,,
1000000033,Victoria,Farnaby,,,PO Box 84107,,,,Kirovs’k,,,vfarnabyx@i2i.jp,UA,"[{""id"":0,""type"":""text"",""label"":""birthday"",""value"":""birthday"",""default"":43157},{""id"":1,""type"":""select"",""label"":""ip_address"",""value"":""ip_address"",""default"":""216.48.10.229"",""options"":[{""id"":""0.0.0.0"",""text"":""0.0.0.0""},{""id"":""216.48.10.229"",""text"":""216.48.10.229""}]},{""id"":2,""type"":""text"",""label"":""siren"",""value"":""siren"",""default"":93705300505848}]",,AD,N,Female,63,,,,
1000000030,Marius,Pitcaithley,,,Room 1581,,,,Dalam,,,mpitcaithleyu@archive.org,ID,"[{""id"":0,""type"":""text"",""label"":""birthday"",""value"":""birthday"",""default"":43828},{""id"":1,""type"":""select"",""label"":""ip_address"",""value"":""ip_address"",""default"":""174.146.86.93"",""options"":[{""id"":""0.0.0.0"",""text"":""0.0.0.0""},{""id"":""174.146.86.93"",""text"":""174.146.86.93""}]},{""id"":2,""type"":""text"",""label"":""siren"",""value"":""siren"",""default"":52978608231315}]",,AD,N,Male,53,,,,
1000000036,Doralin,Beals,,,Room 1584,,,,Breu,,,dbeals10@unesco.org,PE,"[{""id"":0,""type"":""text"",""label"":""birthday"",""value"":""birthday"",""default"":44145},{""id"":1,""type"":""select"",""label"":""ip_address"",""value"":""ip_address"",""default"":""18.194.159.143"",""options"":[{""id"":""0.0.0.0"",""text"":""0.0.0.0""},{""id"":""18.194.159.143"",""text"":""18.194.159.143""}]},{""id"":2,""type"":""text"",""label"":""siren"",""value"":""siren"",""default"":42329750562411}]",,AD,N,Female,42,,,,
1000000032,Nance,Terne,,,PO Box 95829,,,,Boulaouane,,,nternew@nytimes.com,MA,"[{""id"":0,""type"":""text"",""label"":""birthday"",""value"":""birthday"",""default"":44566},{""id"":1,""type"":""select"",""label"":""ip_address"",""value"":""ip_address"",""default"":""142.9.111.18"",""options"":[{""id"":""0.0.0.0"",""text"":""0.0.0.0""},{""id"":""142.9.111.18"",""text"":""142.9.111.18""}]},{""id"":2,""type"":""text"",""label"":""siren"",""value"":""siren"",""default"":43933047258465}]",,AD,N,Female,32,,,,
1000000027,Fawne,Carrivick,,,Apt 1769,,,,Panggungasri,,,fcarrivickr@webeden.co.uk,ID,"[{""id"":0,""type"":""text"",""label"":""birthday"",""value"":""birthday"",""default"":43306},{""id"":1,""type"":""select"",""label"":""ip_address"",""value"":""ip_address"",""default"":""209.151.92.25"",""options"":[{""id"":""0.0.0.0"",""text"":""0.0.0.0""},{""id"":""209.151.92.25"",""text"":""209.151.92.25""}]},{""id"":2,""type"":""text"",""label"":""siren"",""value"":""siren"",""default"":53237091001548}]",,AD,N,Female,48,,,,
1000000038,Moina,Applewhaite,,,7th Floor,,,,Puyuan,,,mapplewhaite12@unblog.fr,CN,"[{""id"":0,""type"":""text"",""label"":""birthday"",""value"":""birthday"",""default"":43349},{""id"":1,""type"":""select"",""label"":""ip_address"",""value"":""ip_address"",""default"":""116.130.192.190"",""options"":[{""id"":""0.0.0.0"",""text"":""0.0.0.0""},{""id"":""116.130.192.190"",""text"":""116.130.192.190""}]},{""id"":2,""type"":""text"",""label"":""siren"",""value"":""siren"",""default"":26058959521296}]",,AD,N,Female,46,,,,
1000000043,Jarrett,Grollmann,,,PO Box 21427,,,,Pacho,,,jgrollmann17@flavors.me,CO,"[{""id"":0,""type"":""text"",""label"":""birthday"",""value"":""birthday"",""default"":43204},{""id"":1,""type"":""select"",""label"":""ip_address"",""value"":""ip_address"",""default"":""87.78.140.173"",""options"":[{""id"":""0.0.0.0"",""text"":""0.0.0.0""},{""id"":""87.78.140.173"",""text"":""87.78.140.173""}]},{""id"":2,""type"":""text"",""label"":""siren"",""value"":""siren"",""default"":72979750921536}]",,AD,N,Male,52,,,,
1000000031,Brook,Simenet,,,10th Floor,,,,Pereyaslovskaya,,,bsimenetv@pen.io,RU,"[{""id"":0,""type"":""text"",""label"":""birthday"",""value"":""birthday"",""default"":43879},{""id"":1,""type"":""select"",""label"":""ip_address"",""value"":""ip_address"",""default"":""1.193.88.192"",""options"":[{""id"":""0.0.0.0"",""text"":""0.0.0.0""},{""id"":""1.193.88.192"",""text"":""1.193.88.192""}]},{""id"":2,""type"":""text"",""label"":""siren"",""value"":""siren"",""default"":72656367461656}]",,AD,N,Male,28,,,,
1000000006,Filip,Ashplant,,,15th Floor,,,,Nueve de Julio,,,fashplant6@alibaba.com,AR,"[{""id"":0,""type"":""text"",""label"":""birthday"",""value"":""birthday"",""default"":44310},{""id"":1,""type"":""select"",""label"":""ip_address"",""value"":""ip_address"",""default"":""197.160.194.49"",""options"":[{""id"":""0.0.0.0"",""text"":""0.0.0.0""},{""id"":""197.160.194.49"",""text"":""197.160.194.49""}]},{""id"":2,""type"":""text"",""label"":""siren"",""value"":""siren"",""default"":57516070335095}]",,AD,N,Male,28,,,,
1000000000,Fara,Castanho,,,11th Floor,,,,Wujia,,,fcastanho0@slashdot.org,CN,"[{""id"":0,""type"":""text"",""label"":""birthday"",""value"":""birthday"",""default"":44549},{""id"":1,""type"":""select"",""label"":""ip_address"",""value"":""ip_address"",""default"":""131.211.49.235"",""options"":[{""id"":""0.0.0.0"",""text"":""0.0.0.0""},{""id"":""131.211.49.235"",""text"":""131.211.49.235""}]},{""id"":2,""type"":""text"",""label"":""siren"",""value"":""siren"",""default"":19036616912486}]",,AD,N,Female,38,,,,
1000000046,Efren,Valentin,,,Apt 1121,,,,Cochadas,,,evalentin1a@seattletimes.com,PT,"[{""id"":0,""type"":""text"",""label"":""birthday"",""value"":""birthday"",""default"":43177},{""id"":1,""type"":""select"",""label"":""ip_address"",""value"":""ip_address"",""default"":""88.239.87.193"",""options"":[{""id"":""0.0.0.0"",""text"":""0.0.0.0""},{""id"":""88.239.87.193"",""text"":""88.239.87.193""}]},{""id"":2,""type"":""text"",""label"":""siren"",""value"":""siren"",""default"":95793832176659}]",,AD,N,Male,24,,,,
1000000056,Sandro,Morit,,,1st Floor,,,,New York City,,,smorit1k@freewebs.com,US,"[{""id"":0,""type"":""text"",""label"":""birthday"",""value"":""birthday"",""default"":44938},{""id"":1,""type"":""select"",""label"":""ip_address"",""value"":""ip_address"",""default"":""226.173.156.34"",""options"":[{""id"":""0.0.0.0"",""text"":""0.0.0.0""},{""id"":""226.173.156.34"",""text"":""226.173.156.34""}]},{""id"":2,""type"":""text"",""label"":""siren"",""value"":""siren"",""default"":59313637450545}]",,AD,N,Male,48,,,,
1000000021,Wally,Shorrock,,,Room 1902,,,,Qingtong,,,wshorrockl@sbwire.com,CN,"[{""id"":0,""type"":""text"",""label"":""birthday"",""value"":""birthday"",""default"":44596},{""id"":1,""type"":""select"",""label"":""ip_address"",""value"":""ip_address"",""default"":""247.156.146.190"",""options"":[{""id"":""0.0.0.0"",""text"":""0.0.0.0""},{""id"":""247.156.146.190"",""text"":""247.156.146.190""}]},{""id"":2,""type"":""text"",""label"":""siren"",""value"":""siren"",""default"":24780035828585}]",,AD,N,Female,36,,,,
1000000050,Ned,Winship,,,Apt 784,,,,Nakhon Pathom,,,nwinship1e@studiopress.com,TH,"[{""id"":0,""type"":""text"",""label"":""birthday"",""value"":""birthday"",""default"":44296},{""id"":1,""type"":""select"",""label"":""ip_address"",""value"":""ip_address"",""default"":""239.31.195.71"",""options"":[{""id"":""0.0.0.0"",""text"":""0.0.0.0""},{""id"":""239.31.195.71"",""text"":""239.31.195.71""}]},{""id"":2,""type"":""text"",""label"":""siren"",""value"":""siren"",""default"":39915417862728}]",,AD,N,Male,51,,,,
1000000007,Sherye,Hoyles,,,Room 531,,,,Porto-Novo,,,shoyles7@last.fm,BJ,"[{""id"":0,""type"":""text"",""label"":""birthday"",""value"":""birthday"",""default"":43620},{""id"":1,""type"":""select"",""label"":""ip_address"",""value"":""ip_address"",""default"":""163.78.71.173"",""options"":[{""id"":""0.0.0.0"",""text"":""0.0.0.0""},{""id"":""163.78.71.173"",""text"":""163.78.71.173""}]},{""id"":2,""type"":""text"",""label"":""siren"",""value"":""siren"",""default"":41494745120625}]",,AD,N,Female,44,,,,
1000000028,Dian,Kinzel,,,Apt 205,,,,Yuntan,,,dkinzels@psu.edu,CN,"[{""id"":0,""type"":""text"",""label"":""birthday"",""value"":""birthday"",""default"":43859},{""id"":1,""type"":""select"",""label"":""ip_address"",""value"":""ip_address"",""default"":""162.93.58.231"",""options"":[{""id"":""0.0.0.0"",""text"":""0.0.0.0""},{""id"":""162.93.58.231"",""text"":""162.93.58.231""}]},{""id"":2,""type"":""text"",""label"":""siren"",""value"":""siren"",""default"":33119375610188}]",,AD,N,Female,54,,,,
1000000023,Marjy,Bearfoot,,,Apt 1802,,,,Yong’an,,,mbearfootn@forbes.com,CN,"[{""id"":0,""type"":""text"",""label"":""birthday"",""value"":""birthday"",""default"":43557},{""id"":1,""type"":""select"",""label"":""ip_address"",""value"":""ip_address"",""default"":""109.142.235.149"",""options"":[{""id"":""0.0.0.0"",""text"":""0.0.0.0""},{""id"":""109.142.235.149"",""text"":""109.142.235.149""}]},{""id"":2,""type"":""text"",""label"":""siren"",""value"":""siren"",""default"":19712027807889}]",,AD,N,Female,22,,,,
1000000029,Carlos,McMechan,,,Apt 1453,,,,Santo Domingo Oeste,,,cmcmechant@last.fm,DO,"[{""id"":0,""type"":""text"",""label"":""birthday"",""value"":""birthday"",""default"":43940},{""id"":1,""type"":""select"",""label"":""ip_address"",""value"":""ip_address"",""default"":""80.173.45.240"",""options"":[{""id"":""0.0.0.0"",""text"":""0.0.0.0""},{""id"":""80.173.45.240"",""text"":""80.173.45.240""}]},{""id"":2,""type"":""text"",""label"":""siren"",""value"":""siren"",""default"":36320895315740}]",,AD,N,Male,64,,,,
1000000060,Mick,Bragg,,,Suite 84,,,,Bhairāhawā,,,mbragg1o@samsung.com,NP,"[{""id"":0,""type"":""text"",""label"":""birthday"",""value"":""birthday"",""default"":43051},{""id"":1,""type"":""select"",""label"":""ip_address"",""value"":""ip_address"",""default"":""180.212.232.70"",""options"":[{""id"":""0.0.0.0"",""text"":""0.0.0.0""},{""id"":""180.212.232.70"",""text"":""180.212.232.70""}]},{""id"":2,""type"":""text"",""label"":""siren"",""value"":""siren"",""default"":93037474024797}]",,AD,N,Male,24,,,,
1000000041,Gladi,Persehouse,,,4th Floor,,,,Lagodekhi,,,gpersehouse15@tripod.com,GE,"[{""id"":0,""type"":""text"",""label"":""birthday"",""value"":""birthday"",""default"":44058},{""id"":1,""type"":""select"",""label"":""ip_address"",""value"":""ip_address"",""default"":""200.47.156.239"",""options"":[{""id"":""0.0.0.0"",""text"":""0.0.0.0""},{""id"":""200.47.156.239"",""text"":""200.47.156.239""}]},{""id"":2,""type"":""text"",""label"":""siren"",""value"":""siren"",""default"":34624322240043}]",,AD,N,Female,46,,,,
1000000042,Gusella,Summerley,,,Room 268,,,,Antou,,,gsummerley16@noaa.gov,CN,"[{""id"":0,""type"":""text"",""label"":""birthday"",""value"":""birthday"",""default"":44160},{""id"":1,""type"":""select"",""label"":""ip_address"",""value"":""ip_address"",""default"":""115.113.29.22"",""options"":[{""id"":""0.0.0.0"",""text"":""0.0.0.0""},{""id"":""115.113.29.22"",""text"":""115.113.29.22""}]},{""id"":2,""type"":""text"",""label"":""siren"",""value"":""siren"",""default"":32936670525549}]",,AD,N,Female,32,,,,
1000000012,Chaddy,Beresfore,,,17th Floor,,,,Wolomarang,,,cberesforec@skyrock.com,ID,"[{""id"":0,""type"":""text"",""label"":""birthday"",""value"":""birthday"",""default"":43544},{""id"":1,""type"":""select"",""label"":""ip_address"",""value"":""ip_address"",""default"":""217.229.29.141"",""options"":[{""id"":""0.0.0.0"",""text"":""0.0.0.0""},{""id"":""217.229.29.141"",""text"":""217.229.29.141""}]},{""id"":2,""type"":""text"",""label"":""siren"",""value"":""siren"",""default"":83440710793126}]",,AD,N,Male,21,,,,
1000000049,Latisha,Chadburn,,,Suite 86,,,,Saint Andrews,,,lchadburn1d@wunderground.com,CA,"[{""id"":0,""type"":""text"",""label"":""birthday"",""value"":""birthday"",""default"":44630},{""id"":1,""type"":""select"",""label"":""ip_address"",""value"":""ip_address"",""default"":""114.196.124.219"",""options"":[{""id"":""0.0.0.0"",""text"":""0.0.0.0""},{""id"":""114.196.124.219"",""text"":""114.196.124.219""}]},{""id"":2,""type"":""text"",""label"":""siren"",""value"":""siren"",""default"":52841453264603}]",,AD,N,Female,27,,,,
1000000015,Grata,Lewendon,,,PO Box 78756,,,,Ludu,,,glewendonf@mediafire.com,CN,"[{""id"":0,""type"":""text"",""label"":""birthday"",""value"":""birthday"",""default"":43627},{""id"":1,""type"":""select"",""label"":""ip_address"",""value"":""ip_address"",""default"":""173.85.112.99"",""options"":[{""id"":""0.0.0.0"",""text"":""0.0.0.0""},{""id"":""173.85.112.99"",""text"":""173.85.112.99""}]},{""id"":2,""type"":""text"",""label"":""siren"",""value"":""siren"",""default"":99243508408258}]",,AD,N,Female,39,,,,
1000000008,Seumas,Tribell,,,Suite 74,,,,Changxing,,,stribell8@merriam-webster.com,CN,"[{""id"":0,""type"":""text"",""label"":""birthday"",""value"":""birthday"",""default"":44729},{""id"":1,""type"":""select"",""label"":""ip_address"",""value"":""ip_address"",""default"":""238.162.77.204"",""options"":[{""id"":""0.0.0.0"",""text"":""0.0.0.0""},{""id"":""238.162.77.204"",""text"":""238.162.77.204""}]},{""id"":2,""type"":""text"",""label"":""siren"",""value"":""siren"",""default"":25248083272523}]",,AD,N,Male,48,,,,
1000000005,Sherman,Janoch,,,PO Box 94088,,,,Ko Si Chang,,,sjanoch5@boston.com,TH,"[{""id"":0,""type"":""text"",""label"":""birthday"",""value"":""birthday"",""default"":44805},{""id"":1,""type"":""select"",""label"":""ip_address"",""value"":""ip_address"",""default"":""23.86.7.167"",""options"":[{""id"":""0.0.0.0"",""text"":""0.0.0.0""},{""id"":""23.86.7.167"",""text"":""23.86.7.167""}]},{""id"":2,""type"":""text"",""label"":""siren"",""value"":""siren"",""default"":61917480342993}]",,AD,N,Male,37,,,,
1000000018,Deane,Buttrick,,,Suite 30,,,,Příbram,,,dbuttricki@nationalgeographic.com,CZ,"[{""id"":0,""type"":""text"",""label"":""birthday"",""value"":""birthday"",""default"":42910},{""id"":1,""type"":""select"",""label"":""ip_address"",""value"":""ip_address"",""default"":""76.178.47.104"",""options"":[{""id"":""0.0.0.0"",""text"":""0.0.0.0""},{""id"":""76.178.47.104"",""text"":""76.178.47.104""}]},{""id"":2,""type"":""text"",""label"":""siren"",""value"":""siren"",""default"":95831338289052}]",,AD,N,Female,58,,,,
1000000011,Latia,Raatz,,,Apt 268,,,,Manique de Baixo,,,lraatzb@patch.com,PT,"[{""id"":0,""type"":""text"",""label"":""birthday"",""value"":""birthday"",""default"":43454},{""id"":1,""type"":""select"",""label"":""ip_address"",""value"":""ip_address"",""default"":""34.215.253.46"",""options"":[{""id"":""0.0.0.0"",""text"":""0.0.0.0""},{""id"":""34.215.253.46"",""text"":""34.215.253.46""}]},{""id"":2,""type"":""text"",""label"":""siren"",""value"":""siren"",""default"":24060970199437}]",,AD,N,Female,65,,,,
1000000019,Ana,Skeermor,,,14th Floor,,,,Santa Fe,,,askeermorj@storify.com,MX,"[{""id"":0,""type"":""text"",""label"":""birthday"",""value"":""birthday"",""default"":43994},{""id"":1,""type"":""select"",""label"":""ip_address"",""value"":""ip_address"",""default"":""99.146.158.62"",""options"":[{""id"":""0.0.0.0"",""text"":""0.0.0.0""},{""id"":""99.146.158.62"",""text"":""99.146.158.62""}]},{""id"":2,""type"":""text"",""label"":""siren"",""value"":""siren"",""default"":78627853319986}]",,AD,N,Female,63,,,,
1000000003,Genia,McNamara,,,PO Box 32005,,,,Dengzishan,,,gmcnamara3@ask.com,CN,"[{""id"":0,""type"":""text"",""label"":""birthday"",""value"":""birthday"",""default"":44456},{""id"":1,""type"":""select"",""label"":""ip_address"",""value"":""ip_address"",""default"":""117.102.85.126"",""options"":[{""id"":""0.0.0.0"",""text"":""0.0.0.0""},{""id"":""117.102.85.126"",""text"":""117.102.85.126""}]},{""id"":2,""type"":""text"",""label"":""siren"",""value"":""siren"",""default"":23282632329695}]",,AD,N,Female,31,,,,
1000000035,Anabelle,Ballefant,,,13th Floor,,,,Pančevo,,,aballefantz@wunderground.com,RS,"[{""id"":0,""type"":""text"",""label"":""birthday"",""value"":""birthday"",""default"":44315},{""id"":1,""type"":""select"",""label"":""ip_address"",""value"":""ip_address"",""default"":""33.122.133.6"",""options"":[{""id"":""0.0.0.0"",""text"":""0.0.0.0""},{""id"":""33.122.133.6"",""text"":""33.122.133.6""}]},{""id"":2,""type"":""text"",""label"":""siren"",""value"":""siren"",""default"":48485183678271}]",,AD,N,Female,65,,,,
1000000053,Edyth,O'Clery,,,Room 1764,,,,Yinjiang,,,eoclery1h@edublogs.org,CN,"[{""id"":0,""type"":""text"",""label"":""birthday"",""value"":""birthday"",""default"":43593},{""id"":1,""type"":""select"",""label"":""ip_address"",""value"":""ip_address"",""default"":""173.222.145.84"",""options"":[{""id"":""0.0.0.0"",""text"":""0.0.0.0""},{""id"":""173.222.145.84"",""text"":""173.222.145.84""}]},{""id"":2,""type"":""text"",""label"":""siren"",""value"":""siren"",""default"":54703547907129}]",,AD,N,Female,56,,,,
1000000039,Luciano,Rouge,,,12th Floor,,,,Vilca,,,lrouge13@gnu.org,PE,"[{""id"":0,""type"":""text"",""label"":""birthday"",""value"":""birthday"",""default"":44725},{""id"":1,""type"":""select"",""label"":""ip_address"",""value"":""ip_address"",""default"":""19.25.84.196"",""options"":[{""id"":""0.0.0.0"",""text"":""0.0.0.0""},{""id"":""19.25.84.196"",""text"":""19.25.84.196""}]},{""id"":2,""type"":""text"",""label"":""siren"",""value"":""siren"",""default"":64930672665228}]",,AD,N,Male,27,,,,
1000000044,Drucie,Hurley,,,20th Floor,,,,Kitakyūshū,,,dhurley18@soundcloud.com,JP,"[{""id"":0,""type"":""text"",""label"":""birthday"",""value"":""birthday"",""default"":43557},{""id"":1,""type"":""select"",""label"":""ip_address"",""value"":""ip_address"",""default"":""77.211.50.88"",""options"":[{""id"":""0.0.0.0"",""text"":""0.0.0.0""},{""id"":""77.211.50.88"",""text"":""77.211.50.88""}]},{""id"":2,""type"":""text"",""label"":""siren"",""value"":""siren"",""default"":46856563688044}]",,AD,N,Female,37,,,,
1000000013,Pauly,Torrejon,,,Room 1378,,,,Ruteng,,,ptorrejond@bluehost.com,ID,"[{""id"":0,""type"":""text"",""label"":""birthday"",""value"":""birthday"",""default"":44884},{""id"":1,""type"":""select"",""label"":""ip_address"",""value"":""ip_address"",""default"":""23.122.152.130"",""options"":[{""id"":""0.0.0.0"",""text"":""0.0.0.0""},{""id"":""23.122.152.130"",""text"":""23.122.152.130""}]},{""id"":2,""type"":""text"",""label"":""siren"",""value"":""siren"",""default"":23977727759004}]",,AD,N,Female,62,,,,
1000000037,Jannelle,Grushin,,,17th Floor,,,,Bagadó,,,jgrushin11@naver.com,CO,"[{""id"":0,""type"":""text"",""label"":""birthday"",""value"":""birthday"",""default"":44858},{""id"":1,""type"":""select"",""label"":""ip_address"",""value"":""ip_address"",""default"":""142.55.70.157"",""options"":[{""id"":""0.0.0.0"",""text"":""0.0.0.0""},{""id"":""142.55.70.157"",""text"":""142.55.70.157""}]},{""id"":2,""type"":""text"",""label"":""siren"",""value"":""siren"",""default"":40533840571264}]",,AD,N,Female,46,,,,
1000000045,Fanny,Pendrick,,,Room 1568,,,,Olonets,,,fpendrick19@samsung.com,RU,"[{""id"":0,""type"":""text"",""label"":""birthday"",""value"":""birthday"",""default"":44593},{""id"":1,""type"":""select"",""label"":""ip_address"",""value"":""ip_address"",""default"":""13.158.248.8"",""options"":[{""id"":""0.0.0.0"",""text"":""0.0.0.0""},{""id"":""13.158.248.8"",""text"":""13.158.248.8""}]},{""id"":2,""type"":""text"",""label"":""siren"",""value"":""siren"",""default"":47640541579026}]",,AD,N,Female,24,,,,
1000000009,Bobine,MacCumiskey,,,Suite 43,,,,Ban Khlong Bang Sao Thong,,,bmaccumiskey9@amazonaws.com,TH,"[{""id"":0,""type"":""text"",""label"":""birthday"",""value"":""birthday"",""default"":43704},{""id"":1,""type"":""select"",""label"":""ip_address"",""value"":""ip_address"",""default"":""138.38.193.237"",""options"":[{""id"":""0.0.0.0"",""text"":""0.0.0.0""},{""id"":""138.38.193.237"",""text"":""138.38.193.237""}]},{""id"":2,""type"":""text"",""label"":""siren"",""value"":""siren"",""default"":87992404123724}]",,AD,N,Female,63,,,,
1000000017,Raddy,Katz,,,Suite 15,,,,Kuusjoki,,,rkatzh@so-net.ne.jp,FI,"[{""id"":0,""type"":""text"",""label"":""birthday"",""value"":""birthday"",""default"":43967},{""id"":1,""type"":""select"",""label"":""ip_address"",""value"":""ip_address"",""default"":""88.101.81.37"",""options"":[{""id"":""0.0.0.0"",""text"":""0.0.0.0""},{""id"":""88.101.81.37"",""text"":""88.101.81.37""}]},{""id"":2,""type"":""text"",""label"":""siren"",""value"":""siren"",""default"":89231526632819}]",,AD,N,Male,23,,,,
1000000048,Stella,Tynan,,,Room 1648,,,,Parabcan,,,stynan1c@skype.com,PH,"[{""id"":0,""type"":""text"",""label"":""birthday"",""value"":""birthday"",""default"":43827},{""id"":1,""type"":""select"",""label"":""ip_address"",""value"":""ip_address"",""default"":""141.177.227.116"",""options"":[{""id"":""0.0.0.0"",""text"":""0.0.0.0""},{""id"":""141.177.227.116"",""text"":""141.177.227.116""}]},{""id"":2,""type"":""text"",""label"":""siren"",""value"":""siren"",""default"":78440898653749}]",,AD,N,Female,23,,,,
1000000026,Willy,Wendover,,,20th Floor,,,,Pôrto Barra do Ivinheima,,,wwendoverq@apple.com,BR,"[{""id"":0,""type"":""text"",""label"":""birthday"",""value"":""birthday"",""default"":43589},{""id"":1,""type"":""select"",""label"":""ip_address"",""value"":""ip_address"",""default"":""44.82.188.99"",""options"":[{""id"":""0.0.0.0"",""text"":""0.0.0.0""},{""id"":""44.82.188.99"",""text"":""44.82.188.99""}]},{""id"":2,""type"":""text"",""label"":""siren"",""value"":""siren"",""default"":71247199021404}]",,AD,N,Female,31,,,,
1000000052,Sherye,Mosco,,,Apt 1256,,,,Licheng,,,smosco1g@stanford.edu,CN,"[{""id"":0,""type"":""text"",""label"":""birthday"",""value"":""birthday"",""default"":44944},{""id"":1,""type"":""select"",""label"":""ip_address"",""value"":""ip_address"",""default"":""213.120.223.62"",""options"":[{""id"":""0.0.0.0"",""text"":""0.0.0.0""},{""id"":""213.120.223.62"",""text"":""213.120.223.62""}]},{""id"":2,""type"":""text"",""label"":""siren"",""value"":""siren"",""default"":87744797203598}]",,AD,N,Female,53,,,,
1000000025,Grenville,March,,,PO Box 84700,,,,Pajak,,,gmarchp@tinyurl.com,ID,"[{""id"":0,""type"":""text"",""label"":""birthday"",""value"":""birthday"",""default"":43655},{""id"":1,""type"":""select"",""label"":""ip_address"",""value"":""ip_address"",""default"":""236.228.116.37"",""options"":[{""id"":""0.0.0.0"",""text"":""0.0.0.0""},{""id"":""236.228.116.37"",""text"":""236.228.116.37""}]},{""id"":2,""type"":""text"",""label"":""siren"",""value"":""siren"",""default"":81746034486162}]",,AD,N,Male,26,,,,
1000000014,Laureen,Kasman,,,Apt 231,,,,Qui Nhon,,,lkasmane@youtu.be,VN,"[{""id"":0,""type"":""text"",""label"":""birthday"",""value"":""birthday"",""default"":43391},{""id"":1,""type"":""select"",""label"":""ip_address"",""value"":""ip_address"",""default"":""176.220.9.149"",""options"":[{""id"":""0.0.0.0"",""text"":""0.0.0.0""},{""id"":""176.220.9.149"",""text"":""176.220.9.149""}]},{""id"":2,""type"":""text"",""label"":""siren"",""value"":""siren"",""default"":44293907786274}]",,AD,N,Female,63,,,,
1000000016,Olivie,Rickarsey,,,Apt 1782,,,,Drakino,,,orickarseyg@nasa.gov,RU,"[{""id"":0,""type"":""text"",""label"":""birthday"",""value"":""birthday"",""default"":43460},{""id"":1,""type"":""select"",""label"":""ip_address"",""value"":""ip_address"",""default"":""68.145.212.246"",""options"":[{""id"":""0.0.0.0"",""text"":""0.0.0.0""},{""id"":""68.145.212.246"",""text"":""68.145.212.246""}]},{""id"":2,""type"":""text"",""label"":""siren"",""value"":""siren"",""default"":27041057888958}]",,AD,N,Female,56,,,,
1000000022,Felike,Trethowan,,,Apt 1784,,,,Hejiang,,,ftrethowanm@unblog.fr,CN,"[{""id"":0,""type"":""text"",""label"":""birthday"",""value"":""birthday"",""default"":44962},{""id"":1,""type"":""select"",""label"":""ip_address"",""value"":""ip_address"",""default"":""104.42.213.193"",""options"":[{""id"":""0.0.0.0"",""text"":""0.0.0.0""},{""id"":""104.42.213.193"",""text"":""104.42.213.193""}]},{""id"":2,""type"":""text"",""label"":""siren"",""value"":""siren"",""default"":86465199280867}]",,AD,N,Male,25,,,,
1000000024,Olympie,Eingerfield,,,PO Box 33823,,,,Tournai,,,oeingerfieldo@google.nl,BE,"[{""id"":0,""type"":""text"",""label"":""birthday"",""value"":""birthday"",""default"":43348},{""id"":1,""type"":""select"",""label"":""ip_address"",""value"":""ip_address"",""default"":""229.230.14.54"",""options"":[{""id"":""0.0.0.0"",""text"":""0.0.0.0""},{""id"":""229.230.14.54"",""text"":""229.230.14.54""}]},{""id"":2,""type"":""text"",""label"":""siren"",""value"":""siren"",""default"":82763455761091}]",,AD,N,Female,51,,,,
1000000002,Lutero,O'Kelly,,,Suite 44,,,,Chilliwack,,,lokelly2@skyrock.com,CA,"[{""id"":0,""type"":""text"",""label"":""birthday"",""value"":""birthday"",""default"":43915},{""id"":1,""type"":""select"",""label"":""ip_address"",""value"":""ip_address"",""default"":""139.243.15.194"",""options"":[{""id"":""0.0.0.0"",""text"":""0.0.0.0""},{""id"":""139.243.15.194"",""text"":""139.243.15.194""}]},{""id"":2,""type"":""text"",""label"":""siren"",""value"":""siren"",""default"":11679719341373}]",,AD,N,Male,51,,,,
1000000059,Gayelord,Pinson,,,14th Floor,,,,Cijapar,,,gpinson1n@topsy.com,ID,"[{""id"":0,""type"":""text"",""label"":""birthday"",""value"":""birthday"",""default"":43460},{""id"":1,""type"":""select"",""label"":""ip_address"",""value"":""ip_address"",""default"":""97.30.127.228"",""options"":[{""id"":""0.0.0.0"",""text"":""0.0.0.0""},{""id"":""97.30.127.228"",""text"":""97.30.127.228""}]},{""id"":2,""type"":""text"",""label"":""siren"",""value"":""siren"",""default"":45750084144459}]",,AD,N,Male,43,,,,
1000000057,Bernice,Hartfield,,,Room 1524,,,,Bennäs,,,bhartfield1l@comsenz.com,FI,"[{""id"":0,""type"":""text"",""label"":""birthday"",""value"":""birthday"",""default"":44521},{""id"":1,""type"":""select"",""label"":""ip_address"",""value"":""ip_address"",""default"":""118.146.200.185"",""options"":[{""id"":""0.0.0.0"",""text"":""0.0.0.0""},{""id"":""118.146.200.185"",""text"":""118.146.200.185""}]},{""id"":2,""type"":""text"",""label"":""siren"",""value"":""siren"",""default"":65688315182233}]",,AD,N,Female,63,,,,
1000000058,Ax,Pocklington,,,PO Box 69280,,,,Fuli,,,apocklington1m@timesonline.co.uk,CN,"[{""id"":0,""type"":""text"",""label"":""birthday"",""value"":""birthday"",""default"":44886},{""id"":1,""type"":""select"",""label"":""ip_address"",""value"":""ip_address"",""default"":""49.116.189.52"",""options"":[{""id"":""0.0.0.0"",""text"":""0.0.0.0""},{""id"":""49.116.189.52"",""text"":""49.116.189.52""}]},{""id"":2,""type"":""text"",""label"":""siren"",""value"":""siren"",""default"":21866901966251}]",,AD,N,Male,46,,,,
1000000020,Geri,De Gowe,,,Suite 1,,,,Laba Goumen,,,gdegowek@indiegogo.com,CN,"[{""id"":0,""type"":""text"",""label"":""birthday"",""value"":""birthday"",""default"":44165},{""id"":1,""type"":""select"",""label"":""ip_address"",""value"":""ip_address"",""default"":""196.165.131.120"",""options"":[{""id"":""0.0.0.0"",""text"":""0.0.0.0""},{""id"":""196.165.131.120"",""text"":""196.165.131.120""}]},{""id"":2,""type"":""text"",""label"":""siren"",""value"":""siren"",""default"":63805811770090}]",,AD,N,Male,35,,,,
1000000051,Trescha,Annon,,,Room 680,,,,Nol,,,tannon1f@51.la,SE,"[{""id"":0,""type"":""text"",""label"":""birthday"",""value"":""birthday"",""default"":44707},{""id"":1,""type"":""select"",""label"":""ip_address"",""value"":""ip_address"",""default"":""127.240.156.206"",""options"":[{""id"":""0.0.0.0"",""text"":""0.0.0.0""},{""id"":""127.240.156.206"",""text"":""127.240.156.206""}]},{""id"":2,""type"":""text"",""label"":""siren"",""value"":""siren"",""default"":66442197652822}]",,AD,N,Female,44,,,,
1000000055,Che,Lisciandro,,,Suite 1,,,,Vorontsovka,,,clisciandro1j@redcross.org,RU,"[{""id"":0,""type"":""text"",""label"":""birthday"",""value"":""birthday"",""default"":43814},{""id"":1,""type"":""select"",""label"":""ip_address"",""value"":""ip_address"",""default"":""140.183.64.197"",""options"":[{""id"":""0.0.0.0"",""text"":""0.0.0.0""},{""id"":""140.183.64.197"",""text"":""140.183.64.197""}]},{""id"":2,""type"":""text"",""label"":""siren"",""value"":""siren"",""default"":53989757219723}]",,AD,N,Male,59,,,,
1000000010,Courtenay,McKerrow,,,7th Floor,,,,Saint John’s,,,cmckerrowa@newsvine.com,AG,"[{""id"":0,""type"":""text"",""label"":""birthday"",""value"":""birthday"",""default"":44306},{""id"":1,""type"":""select"",""label"":""ip_address"",""value"":""ip_address"",""default"":""204.31.141.219"",""options"":[{""id"":""0.0.0.0"",""text"":""0.0.0.0""},{""id"":""204.31.141.219"",""text"":""204.31.141.219""}]},{""id"":2,""type"":""text"",""label"":""siren"",""value"":""siren"",""default"":50914271599753}]",,AD,N,Female,25,,,,
1000000034,Michell,Pendergast,,,Apt 1863,,,,Usarin,,,mpendergasty@alexa.com,PS,"[{""id"":0,""type"":""text"",""label"":""birthday"",""value"":""birthday"",""default"":43043},{""id"":1,""type"":""select"",""label"":""ip_address"",""value"":""ip_address"",""default"":""109.36.84.30"",""options"":[{""id"":""0.0.0.0"",""text"":""0.0.0.0""},{""id"":""109.36.84.30"",""text"":""109.36.84.30""}]},{""id"":2,""type"":""text"",""label"":""siren"",""value"":""siren"",""default"":40088124342302}]",,AD,N,Female,23,,,,
1000000001,Annabell,Davisson,,,Apt 1585,,,,Bugene,,,adavisson1@stanford.edu,TZ,"[{""id"":0,""type"":""text"",""label"":""birthday"",""value"":""birthday"",""default"":44205},{""id"":1,""type"":""select"",""label"":""ip_address"",""value"":""ip_address"",""default"":""19.145.92.201"",""options"":[{""id"":""0.0.0.0"",""text"":""0.0.0.0""},{""id"":""19.145.92.201"",""text"":""19.145.92.201""}]},{""id"":2,""type"":""text"",""label"":""siren"",""value"":""siren"",""default"":11898158546374}]",,AD,N,Female,61,,,,
